{
  "training_duration": "00:00:00",
  "training_start_epoch": 0,
  "training_epochs": 23,
  "epoch": 23,
  "training_accuracy": 0.8888888888888888,
  "training_loss": 0.8858821392059326,
  "validation_accuracy": 0.05555555555555555,
  "validation_loss": 5.361177921295166,
  "best_epoch": 8,
  "best_validation_accuracy": 0.05555555555555555,
  "best_validation_loss": 4.326207160949707
}