{
  "training_duration": "00:00:00",
  "training_start_epoch": 0,
  "training_epochs": 19,
  "epoch": 19,
  "training_accuracy": 0.7777777777777778,
  "training_loss": 1.110351800918579,
  "validation_accuracy": 0.05555555555555555,
  "validation_loss": 5.1699652671813965,
  "best_epoch": 8,
  "best_validation_accuracy": 0.05555555555555555,
  "best_validation_loss": 4.326207160949707
}