{
  "training_duration": "00:00:00",
  "training_start_epoch": 0,
  "training_epochs": 30,
  "epoch": 30,
  "training_accuracy": 0.9444444444444444,
  "training_loss": 0.6374110579490662,
  "validation_accuracy": 0.05555555555555555,
  "validation_loss": 5.764570713043213,
  "best_epoch": 8,
  "best_validation_accuracy": 0.05555555555555555,
  "best_validation_loss": 4.326207160949707
}