{
  "training_duration": "00:00:00",
  "training_start_epoch": 0,
  "training_epochs": 12,
  "epoch": 12,
  "training_accuracy": 0.6111111111111112,
  "training_loss": 1.6877399682998657,
  "validation_accuracy": 0.0,
  "validation_loss": 4.467653274536133,
  "best_epoch": 8,
  "best_validation_accuracy": 0.05555555555555555,
  "best_validation_loss": 4.326207160949707
}