{
  "training_duration": "00:00:01",
  "training_start_epoch": 0,
  "training_epochs": 37,
  "epoch": 37,
  "training_accuracy": 0.9444444444444444,
  "training_loss": 0.47344669699668884,
  "validation_accuracy": 0.05555555555555555,
  "validation_loss": 6.152934551239014,
  "best_epoch": 8,
  "best_validation_accuracy": 0.05555555555555555,
  "best_validation_loss": 4.326207160949707
}