{
  "training_duration": "00:00:00",
  "training_start_epoch": 0,
  "training_epochs": 15,
  "epoch": 15,
  "training_accuracy": 0.6111111111111112,
  "training_loss": 1.4094271659851074,
  "validation_accuracy": 0.0,
  "validation_loss": 4.829316139221191,
  "best_epoch": 8,
  "best_validation_accuracy": 0.05555555555555555,
  "best_validation_loss": 4.326207160949707
}