{
  "training_duration": "00:00:00",
  "training_start_epoch": 0,
  "training_epochs": 9,
  "epoch": 9,
  "training_accuracy": 0.5,
  "training_loss": 1.9320131540298462,
  "validation_accuracy": 0.0,
  "validation_loss": 4.394137382507324,
  "best_epoch": 8,
  "best_validation_accuracy": 0.05555555555555555,
  "best_validation_loss": 4.326207160949707
}