{
  "training_duration": "00:00:00",
  "training_start_epoch": 0,
  "training_epochs": 8,
  "epoch": 8,
  "training_accuracy": 0.3333333333333333,
  "training_loss": 1.9984291791915894,
  "validation_accuracy": 0.05555555555555555,
  "validation_loss": 4.326207160949707,
  "best_epoch": 8,
  "best_validation_accuracy": 0.05555555555555555,
  "best_validation_loss": 4.326207160949707
}