{
  "training_duration": "00:00:00",
  "training_start_epoch": 0,
  "training_epochs": 17,
  "epoch": 17,
  "training_accuracy": 0.7222222222222222,
  "training_loss": 1.2488999366760254,
  "validation_accuracy": 0.0,
  "validation_loss": 5.042718887329102,
  "best_epoch": 8,
  "best_validation_accuracy": 0.05555555555555555,
  "best_validation_loss": 4.326207160949707
}