{
  "training_duration": "00:00:00",
  "training_start_epoch": 0,
  "training_epochs": 20,
  "epoch": 20,
  "training_accuracy": 0.8333333333333334,
  "training_loss": 1.0507560968399048,
  "validation_accuracy": 0.05555555555555555,
  "validation_loss": 5.059118747711182,
  "best_epoch": 8,
  "best_validation_accuracy": 0.05555555555555555,
  "best_validation_loss": 4.326207160949707
}