{
  "training_duration": "00:00:00",
  "training_start_epoch": 0,
  "training_epochs": 7,
  "epoch": 7,
  "training_accuracy": 0.3333333333333333,
  "training_loss": 2.068309783935547,
  "validation_accuracy": 0.0,
  "validation_loss": 4.2363667488098145,
  "best_epoch": 0,
  "best_validation_accuracy": 0.0,
  "best_validation_loss": 2.9575467109680176
}