{
  "training_duration": "00:00:00",
  "training_start_epoch": 0,
  "training_epochs": 1,
  "epoch": 1,
  "training_accuracy": 0.3333333333333333,
  "training_loss": 2.7800610065460205,
  "validation_accuracy": 0.0,
  "validation_loss": 3.020277500152588,
  "best_epoch": 0,
  "best_validation_accuracy": 0.0,
  "best_validation_loss": 2.9575467109680176
}