{
  "training_duration": "00:00:00",
  "training_start_epoch": 0,
  "training_epochs": 11,
  "epoch": 11,
  "training_accuracy": 0.5555555555555556,
  "training_loss": 1.77494215965271,
  "validation_accuracy": 0.0,
  "validation_loss": 4.472964286804199,
  "best_epoch": 8,
  "best_validation_accuracy": 0.05555555555555555,
  "best_validation_loss": 4.326207160949707
}