{
  "training_duration": "00:00:00",
  "training_start_epoch": 0,
  "training_epochs": 27,
  "epoch": 27,
  "training_accuracy": 0.9444444444444444,
  "training_loss": 0.7300590872764587,
  "validation_accuracy": 0.05555555555555555,
  "validation_loss": 5.646553039550781,
  "best_epoch": 8,
  "best_validation_accuracy": 0.05555555555555555,
  "best_validation_loss": 4.326207160949707
}