{
  "training_duration": "00:00:00",
  "training_start_epoch": 0,
  "training_epochs": 5,
  "epoch": 5,
  "training_accuracy": 0.2777777777777778,
  "training_loss": 2.229675769805908,
  "validation_accuracy": 0.0,
  "validation_loss": 3.941599130630493,
  "best_epoch": 0,
  "best_validation_accuracy": 0.0,
  "best_validation_loss": 2.9575467109680176
}