{
  "training_duration": "00:00:00",
  "training_start_epoch": 0,
  "training_epochs": 21,
  "epoch": 21,
  "training_accuracy": 0.8333333333333334,
  "training_loss": 0.9881402254104614,
  "validation_accuracy": 0.05555555555555555,
  "validation_loss": 5.248964309692383,
  "best_epoch": 8,
  "best_validation_accuracy": 0.05555555555555555,
  "best_validation_loss": 4.326207160949707
}