{
  "training_duration": "00:00:00",
  "training_start_epoch": 0,
  "training_epochs": 4,
  "epoch": 4,
  "training_accuracy": 0.3333333333333333,
  "training_loss": 2.3585493564605713,
  "validation_accuracy": 0.0,
  "validation_loss": 3.698240041732788,
  "best_epoch": 0,
  "best_validation_accuracy": 0.0,
  "best_validation_loss": 2.9575467109680176
}