{
  "training_duration": "00:00:00",
  "training_start_epoch": 0,
  "training_epochs": 10,
  "epoch": 10,
  "training_accuracy": 0.4444444444444444,
  "training_loss": 1.8545869588851929,
  "validation_accuracy": 0.05555555555555555,
  "validation_loss": 4.408930778503418,
  "best_epoch": 8,
  "best_validation_accuracy": 0.05555555555555555,
  "best_validation_loss": 4.326207160949707
}